{
  "name": "highcharts-indicators",
  "version": "2.1.5",
  "homepage": "http://blacklabel.github.io/indicators/",
  "authors": [
    "Sebastian Bochan <sebastian@blacklabel.pl>",
    "Paweł Fus <pawel@blacklabel.pl>",
    "Kacper Madej <kacper@blacklabel.pl>"
  ],
  "description": "Highstock plugin to add technical indicators to charts.",
  "main": "indicators.js",
  "keywords": [
    "indicators",
    "sma",
    "ema",
    "atr",
    "rsi"
  ],
  "license": "Creative Commons Attribution (CC)",
  "ignore": [
    "**/.*",
    "node_modules",
    "bower_components",
    "app/bower_components",
    "test",
    "tests"
  ],
  "_release": "2.1.5",
  "_resolution": {
    "type": "version",
    "tag": "v2.1.5",
    "commit": "21fcc8b538c2b114dbfdfa536c988be553ef040b"
  },
  "_source": "https://github.com/blacklabel/indicators.git",
  "_target": "2.1.5",
  "_originalSource": "highcharts-indicators"
}