{
  "name": "ag-grid",
  "version": "10.1.0",
  "homepage": "http://www.ag-grid.com/",
  "authors": [
    "Niall Crosby <niall.crosby@ag-grid.com>"
  ],
  "description": "Advanced Javascript Datagrid. Supports raw Javascript, React, AngularJS 1.x, AngularJS 2.0 and Web Components",
  "main": [
    "./main.js"
  ],
  "moduleType": [
    "node"
  ],
  "keywords": [
    "web-components",
    "grid",
    "data",
    "table",
    "react",
    "reactjs",
    "angular",
    "angularjs"
  ],
  "license": "MIT",
  "ignore": [
    "**/.*",
    "node_modules",
    "test",
    "tests"
  ],
  "devDependencies": {},
  "dependencies": {},
  "_release": "10.1.0",
  "_resolution": {
    "type": "version",
    "tag": "10.1.0",
    "commit": "9c700640c1cf111105a6a00d321fe3c9f97681c8"
  },
  "_source": "https://github.com/ceolter/angular-grid.git",
  "_target": "10.1.0",
  "_originalSource": "ag-grid"
}